{
    "dashboard": {
      "ordersPending": 24,
      "totalRevenue": 48526,
      "totalCustomers": 1245,
      "totalSales": 326,
      "revenue": {
        "week": {
          "labels": ["Mon", "Tue", "Wed", "Thu", "Fri", "Sat", "Sun"],
          "data": [12000, 19000, 15000, 22000, 18000, 25000, 21000]
        },
        "month": {
          "labels": ["Week 1", "Week 2", "Week 3", "Week 4"],
          "data": [85000, 92000, 78000, 95000]
        },
        "year": {
          "labels": ["Jan", "Feb", "Mar", "Apr", "May", "Jun", "Jul", "Aug", "Sep", "Oct", "Nov", "Dec"],
          "data": [320000, 280000, 350000, 300000, 380000, 400000, 420000, 450000, 410000, 390000, 430000, 480000]
        }
      },
      "topCustomer": [
        { "id": 1, "name": "Rahul Sharma", "purchases": 24, "amount": 125000 },
        { "id": 2, "name": "Priya Patel", "purchases": 18, "amount": 98000 },
        { "id": 3, "name": "Amit Singh", "purchases": 15, "amount": 87500 },
        { "id": 4, "name": "Neha Gupta", "purchases": 12, "amount": 72000 },
        { "id": 5, "name": "Vikram Joshi", "purchases": 10, "amount": 65000 }
      ]
    }
  }