{
  "employee": {
    "basicInfo": {
      "EmployeeNumber": "EMP12345",
      "FirstName": "John",
      "MiddleName": "A.",
      "LastName": "Doe",
      "DisplayName": "John Doe",
      "FullName": "John A. Doe"
    },
    "profile": {
      "ProfileImage": "http://localhost:3000/images/john.jpg",
      "Department": "Engineering",
      "Designation": "Senior Software Engineer",
      "Location": "Bangalore",
      "Status": "Active",
      "JoiningDate": "2021-03-15"
    },
    "contactInfo": {
      "Email": "john.doe@example.com",
      "Phone": "+91-9876543210",
      "AlternatePhone": "+91-9988776655",
      "Address": {
        "line1": "123 MG Road",
        "line2": "Near City Mall",
        "city": "Bangalore",
        "state": "Karnataka",
        "country": "India",
        "zipCode": "560001"
      }
    },
    "jobInfo": {
      "EmployeeType": "Full-time",
      "WorkLocation": "Remote",
      "Shift": "General",
      "Manager": "Jane Smith",
      "Team": "Product Development",
      "Grade": "G4",
      "WorkEmail": "john.doe@company.com"
    },
    "personalInfo": {
      "DOB": "1990-07-20",
      "Gender": "Male",
      "bloodGroup": "O+",
      "MaritalStatus": "Married",
      "Nationality": "Indian",
      "Aadhaar": "1234-5678-9012",
      "Pan": "ABCDE1234F"
    },
    "salaryInfo": {
      "Ctc": 1200000,
      "MonthlySalary": 100000,
      "Currency": "INR",
      "PayGrade": "Grade 4",
      "bankAccount": {
        "bankName": "HDFC Bank",
        "accountNumber": "123456789012",
        "ifsc": "HDFC0001234"
      }
    },
    "documents": [
      {
        "type": "Resume",
        "fileName": "john_resume.pdf",
        "uploadedOn": "2021-03-10"
      },
      {
        "type": "Offer Letter",
        "fileName": "john_offer_letter.pdf",
        "uploadedOn": "2021-03-12"
      },
      {
        "type": "ID Proof",
        "fileName": "john_aadhaar_card.jpg",
        "uploadedOn": "2021-03-13"
      }
    ],
    "filters": {
      "location": "Bangalore",
      "department": "Engineering",
      "status": "Active"
    }
  }
}
